model,vocab_size,execution_time,accuracy_avg,accuracy_std,precision_avg,precision_std,recall_avg,recall_std,f1_avg,f1_std,roc_auc_avg,roc_auc_std,total_time
LogisticRegression,9,0.27520132064819336,0.659580723729993,0.023128068093138377,0.7133675118449911,0.040909548740153893,0.5354916317991631,0.01155219062835836,0.6113751168487342,0.01953792669253158,0.6668934870409112,0.015637089096101814,13.454583644866943
BernoulliNB,9,0.19214344024658203,0.6612499999999999,0.023427735623133803,0.7218092971257528,0.04346218024809282,0.5271304044630404,0.017750595022497515,0.6087160510380414,0.021165481003720694,0.6613340234193398,0.019310803184905426,13.454583644866943
MultinomialNB,9,0.1151437759399414,0.6562482602644397,0.02444210231491062,0.7144181048792587,0.04386719261709678,0.5229707112970712,0.015586458913062384,0.6033899203503911,0.02156667643550863,0.6532000886215713,0.021280702630789947,13.454583644866943
LinearSVC,9,0.2820146083831787,0.6591631871955462,0.022761044574680298,0.7128279686429092,0.03962475510588435,0.5346548117154811,0.013082240842923028,0.610671173422255,0.02001624977281831,0.6668550601464436,0.01569351851444163,13.454583644866943
KNeighborsClassifier,9,1.1736807823181152,0.6337430410577591,0.05480886281790682,0.6900129252261914,0.07497658667947976,0.4912377963737796,0.18352212462731363,0.5533143853358068,0.1357141852918139,0.6737894656555091,0.02756466004580261,13.454583644866943
SGDClassifier,9,0.30443596839904785,0.6616649269311065,0.014250131122600453,0.7522908171438991,0.03988488195006855,0.48453974895397495,0.015438035163411296,0.588592406186088,0.009774877483736738,0.6698619464783822,0.022396188962962645,13.454583644866943
RandomForestClassifier,9,0.9880516529083252,0.66625086986778,0.014423459309357248,0.7044612831461126,0.028629099365142387,0.574731520223152,0.02531398426962443,0.6322155794392605,0.014160486392643215,0.7003524450836821,0.003939406361809769,13.454583644866943
GradientBoostingClassifier,9,1.289198637008667,0.6637508698677801,0.011620173793289444,0.7001137626911378,0.02992339915370357,0.57639470013947,0.029196197393222503,0.6310437444108886,0.01105581447823862,0.7011763206066945,0.0039894424788169125,13.454583644866943
MLPClassifier,9,2.5825202465057373,0.6604157967988865,0.02106440435289824,0.7286599933397028,0.04901398221244963,0.5162726638772664,0.011130303514813972,0.6032734149753293,0.011389913280305789,0.6859268726754998,0.017113456498275215,13.454583644866943
