model,vocab_size,execution_time,accuracy_avg,accuracy_std,precision_avg,precision_std,recall_avg,recall_std,f1_avg,f1_std,roc_auc_avg,roc_auc_std,total_time
LogisticRegression,9,0.28979969024658203,0.75125,0.03000578647898136,0.7972777239118478,0.039753807480204,675,0.03385016001931651,0.7306752292999306,0.03245039931541725,0.7752569444444445,0.013603718008809012,11.757465600967407
BernoulliNB,9,0.19238901138305664,0.6783333333333333,0.014227809232469885,0.6387201637634143,0.014952495487489897,0.8233333333333333,0.014092945437739797,0.7191547207621972,0.008485301795856244,0.7390381944444444,0.03281773795273665,11.757465600967407
MultinomialNB,9,0.12037038803100586,0.6679166666666667,0.03509906614775449,0.7572144355904166,0.035731248555958245,0.49916666666666665,0.10604637350392203,0.5940163347851729,0.0746930417908459,0.7252569444444444,0.02766149521736137,11.757465600967407
LinearSVC,9,0.2578909397125244,0.7491666666666666,0.029124970195502132,0.7986457471398728,0.03938222798485959,0.6675,0.03221024681681281,0.7268420686691763,0.0314510823799885,0.7744340277777779,0.01390450445938965,11.757465600967407
KNeighborsClassifier,9,1.0244190692901611,0.68,0.07043515536371815,0.7253224461541782,0.11616239600973097,0.6533333333333334,0.1500092589734973,0.6643608588744694,0.08652811637636432,0.7416631944444443,0.05862701900158287,11.757465600967407
SGDClassifier,9,0.3155636787414551,0.7416666666666666,0.031732387941099616,0.7938571663406397,0.03653032894601981,0.6533333333333333,0.04665178334092802,0.7160808350743502,0.038805620693623664,0.7483298611111111,0.04157585611945914,11.757465600967407
RandomForestClassifier,9,0.9387376308441162,0.7533333333333334,0.03472611089335772,0.802472969912381,0.045801117911553675,0.6733333333333332,0.03521757768185905,0.7319434723282491,0.036873013674604486,0.7930607638888889,0.018190894512940828,11.757465600967407
GradientBoostingClassifier,9,1.2573211193084717,0.75375,0.039272905559827286,0.8025969491042447,0.0557721478919685,0.6758333333333333,0.03509906614775447,0.7332619595356544,0.04000163377013362,0.7957118055555557,0.018233879185844314,11.757465600967407
MLPClassifier,9,1.9364490509033203,0.75125,0.027720078964133154,0.795463358482821,0.04066306316509851,0.6783333333333333,0.02781386544713109,0.7318012604989675,0.028283332476164033,0.7865833333333333,0.012265942115700982,11.757465600967407
