model,vocab_size,execution_time,accuracy_avg,accuracy_std,precision_avg,precision_std,recall_avg,recall_std,f1_avg,f1_std,roc_auc_avg,roc_auc_std
LogisticRegression,9,0.4220311641693115,0.75125,0.03000578647898136,0.7972777239118478,0.039753807480204,0.675,0.03385016001931651,0.7306752292999306,0.03245039931541725,0.7752569444444445,0.013603718008809012
BernoulliNB,9,0.19937705993652344,0.6783333333333333,0.014227809232469885,0.6387201637634143,0.014952495487489897,0.8233333333333333,0.014092945437739797,0.7191547207621972,0.008485301795856244,0.7390381944444444,0.03281773795273665
MultinomialNB,9,0.12195491790771484,0.6679166666666667,0.03509906614775449,0.7572144355904166,0.035731248555958245,0.49916666666666665,0.10604637350392203,0.5940163347851729,0.0746930417908459,0.7252569444444444,0.02766149521736137
LinearSVC,9,0.2694399356842041,0.7491666666666666,0.029124970195502132,0.7986457471398728,0.03938222798485959,0.6675,0.03221024681681281,0.7268420686691763,0.0314510823799885,0.7744340277777779,0.01390450445938965
KNeighborsClassifier,9,1.1109931468963623,0.68,0.07043515536371815,0.7253224461541782,0.11616239600973097,0.6533333333333334,0.1500092589734973,0.6643608588744694,0.08652811637636432,0.7416631944444443,0.05862701900158287
SGDClassifier,9,0.30481600761413574,0.7383333333333333,0.03150176361905966,0.7848975501663616,0.03776040987263281,0.6575,0.048261440785234214,0.7147297793117878,0.03851744307557231,0.7542482638888889,0.03993579773862607
RandomForestClassifier,9,0.9232759475708008,0.7545833333333334,0.033317704669506384,0.8046554382892686,0.042496949530804184,0.6733333333333333,0.03914006188605794,0.7327388698093019,0.03694016710304399,0.7939565972222222,0.01852095131951125
GradientBoostingClassifier,9,1.307363510131836,0.75375,0.039272905559827286,0.8025969491042447,0.0557721478919685,0.6758333333333333,0.03509906614775447,0.7332619595356544,0.04000163377013362,0.7957152777777777,0.018232769650549967
MLPClassifier,9,1.0552165508270264,0.7508333333333332,0.02768874620972691,0.7981206188933305,0.03643682425118309,0.6725,0.03318717958623314,0.7295606433109117,0.030536620207537044,0.7858784722222223,0.017638893502569385
