model,vocab_size,execution_time,accuracy_avg,accuracy_std,precision_avg,precision_std,recall_avg,recall_std,f1_avg,f1_std,roc_auc_avg,roc_auc_std,total_time
LogisticRegression,9,0.28382229804992676,0.75125,0.03000578647898136,0.7972777239118478,0.039753807480204,675,0.03385016001931651,0.7306752292999306,0.03245039931541725,0.7752569444444445,0.013603718008809012,12.205233097076416
BernoulliNB,9,0.19141340255737305,0.6783333333333333,0.014227809232469885,0.6387201637634143,0.014952495487489897,0.8233333333333333,0.014092945437739797,0.7191547207621972,0.008485301795856244,0.7390381944444444,0.03281773795273665,12.205233097076416
MultinomialNB,9,0.11425399780273438,0.6679166666666667,0.03509906614775449,0.7572144355904166,0.035731248555958245,0.49916666666666665,0.10604637350392203,0.5940163347851729,0.0746930417908459,0.7252569444444444,0.02766149521736137,12.205233097076416
LinearSVC,9,0.25083065032958984,0.7491666666666666,0.029124970195502132,0.7986457471398728,0.03938222798485959,0.6675,0.03221024681681281,0.7268420686691763,0.0314510823799885,0.7744340277777779,0.01390450445938965,12.205233097076416
KNeighborsClassifier,9,1.021019697189331,0.68,0.07043515536371815,0.7253224461541782,0.11616239600973097,0.6533333333333334,0.1500092589734973,0.6643608588744694,0.08652811637636432,0.7416631944444443,0.05862701900158287,12.205233097076416
SGDClassifier,9,0.30829691886901855,0.7424999999999999,0.03394235309069382,0.7957242176848653,0.04218232037724382,0.6533333333333333,0.044362772180687224,0.7169349477817936,0.03974952372150217,0.7632031250000001,0.016186804907558316,12.205233097076416
RandomForestClassifier,9,0.937598466873169,0.7537499999999999,0.03585270794049829,0.8017570637398753,0.0479807835276451,0.6758333333333334,0.0358817502360183,0.7330411823763177,0.03760757959023969,0.7933315972222221,0.0187956919795152,12.205233097076416
GradientBoostingClassifier,9,1.2516896724700928,0.75375,0.039272905559827286,0.8025969491042447,0.0557721478919685,0.6758333333333333,0.03509906614775447,0.7332619595356544,0.04000163377013362,0.7957118055555557,0.018233879185844314,12.205233097076416
MLPClassifier,9,2.2529592514038086,0.7541666666666668,0.02995946335374591,0.8028044819553479,0.03947896255682814,675,0.03574601764921203,0.7329253689326553,0.03311149997606048,0.7926458333333334,0.017003799977838553,12.205233097076416
